Car name,Seller Location,Phone Number,E-car Producer,First Registration,Charge Rate,Price ($),Current Mileage,Max Speed (km/h),Battery (kWh),Engine Capacity (p.h.),Car URL
Vintage Classic car,"Wucheng County, Dezhou City, Shandong Province",+86 196 0214 3437,Vintage,2025,90.0,4600,5752,187,5.0,344,https://motorwatt.com/ev-marketplace/electric-cars/ev/china/vintage-classic-car
JMEV GSE,Unknown,NONE,JMEV,2026,450.0,23000,10,140,63.0,150,https://motorwatt.com/ev-marketplace/electric-cars/ev/china/jmev-gse
Yuanhang H9,"9461 Charleville Blvd PMB 27931 Beverly Hills, CA 90212",NONE,Yuanhang,2024,10.0,72000,950,210,150.0,697,https://motorwatt.com/ev-marketplace/electric-cars/ev/china/yuanhang-h9
Yuanhang Y6,"9461 Charleville Blvd PMB 27931 Beverly Hills, CA 90212",NONE,Yuanhang,2024,1020.0,38000,10,205,150.0,707,https://motorwatt.com/ev-marketplace/electric-cars/ev/china/yuanhang-y6
DAYUN Yuanhang H8,"9461 Charleville Blvd PMB 27931 Beverly Hills, CA 90212",NONE,DAYUN,2024,650.0,40500,10,210,98.0,671,https://motorwatt.com/ev-marketplace/electric-cars/ev/china/dayun-yuanhang-h8
Xiaomi SU7 MAX,Horgos,NONE,Xiaomi,2024,800.0,43000,10,265,101.0,664,https://motorwatt.com/ev-marketplace/electric-cars/ev/china/xiaomi-su7-max
NWONE,8 23 St - Za'abeel - Za'abeel 2 - Dubai - United Arab Emirates,+00971545085646,NWONE,2023,860.0,28500,100,240,33.0,1500,https://motorwatt.com/ev-marketplace/electric-cars/ev/russia/voyah-free-674
Zeekr 001 AT 2023,"Ulitsa Zatsepa, 21, Moscow",+7(495) 128 06 00,ZEEKR,2023,650.0,74000,45,200,100.0,544,https://motorwatt.com/ev-marketplace/electric-cars/ev/russia/zeekr-001-at-2023
Lixiang L7,"г. Москва, ул. Зацепа 21",+7(495) 128 06 00,Lixiang,2022,1315.0,99736,5752,180,42.8,450,https://motorwatt.com/ev-marketplace/electric-cars/ev/russia/lixiang-l7
MiniCooper SE,"г. Москва, ул. Зацепа 21",+7(495) 128 06 00,MINI,2022,215.0,70168,5752,150,32.0,184,https://motorwatt.com/ev-marketplace/electric-cars/ev/russia/minicooper-se
AVATR-ll Middle,"г. Москва, ул. Зацепа 21",+7(495) 128 06 00,CHANGAN Auto,2022,680.0,84238,5752,200,116.0,578,https://motorwatt.com/ev-marketplace/electric-cars/ev/russia/avatr-ll-middle
ORA BALLET CAT,"г. Москва, ул. Зацепа 21",+7(495) 128 06 00,GWM ORA UK,2022,500.0,58985,5752,155,60.5,171,https://motorwatt.com/ev-marketplace/electric-cars/ev/russia/ora-ballet-cat
Honda e:NP1 TOP,"г. Москва, ул. Зацепа 21",+7(495) 128 06 00,HONDA,2022,510.0,57212,5752,150,69.0,204,https://motorwatt.com/ev-marketplace/electric-cars/ev/russia/honda-e-np1-top
BYD TANG EV,"г. Москва, ул. Зацепа 21",+7(495) 128 06 00,BYD Auto,2022,730.0,92270,5752,180,108.8,228,https://motorwatt.com/ev-marketplace/electric-cars/ev/russia/byd-tang-ev-633
VOLKSWAGEN ID4 X PRO,"г. Москва, ул. Зацепа 21",+7(495) 128 06 00,VOLKSWAGEN,2022,555.0,54351,5752,160,83.4,204,https://motorwatt.com/ev-marketplace/electric-cars/ev/russia/volkswagen-id4-x-pro
BMW I7 XDRIVE60 LIMOUSINE,"г. Москва, ул. Зацепа 21",+7(495) 128 06 00,BMW,2022,483.0,225988,5752,240,101.7,544,https://motorwatt.com/ev-marketplace/electric-cars/ev/russia/bmw-i7-xdrive60-limousine-630
ZEEKR 001,"г. Москва, ул. Зацепа 21",+7(495) 128 06 00,ZEEKR,2022,712.0,104787,5752,200,100.0,544,https://motorwatt.com/ev-marketplace/electric-cars/ev/russia/zeekr-001-629
VOYAH FREE,"г. Москва, ул. Зацепа 21",+7(495) 128 06 00,Voyah,2022,860.0,97609,5752,200,33.0,694,https://motorwatt.com/ev-marketplace/electric-cars/ev/russia/voyah-free-628
BYD HAN EV 2022 4WD TOP,"г. Москва, ул. Зацепа 21",+7(495) 128 06 00,BYD Auto,2022,610.0,93303,5752,185,85.4,516,https://motorwatt.com/ev-marketplace/electric-cars/ev/russia/byd-han-ev-2022-4wd-top
BYD tang EV,"г. Москва, ул. Зацепа 21",+7(495) 128 06 00,BYD Auto,2022,635.0,88997,5752,180,108.8,510,https://motorwatt.com/ev-marketplace/electric-cars/ev/russia/byd-tang-ev-626
Audi 50 e-tron Q5,"г. Москва, ул. Зацепа 21",+7(495) 128 06 00,AUDI,2022,520.0,129046,5752,190,83.4,301,https://motorwatt.com/ev-marketplace/electric-cars/ev/russia/audi-50-e-tron-q5
Volkswagen id 4 X Pure +,"г. Москва, ул. Зацепа 21",+7(495) 128 06 00,VOLKSWAGEN,2022,550.0,54546,5752,160,83.4,168,https://motorwatt.com/ev-marketplace/electric-cars/ev/russia/volkswagen-id-4-x-pure-624
TESLA MODEL 3 LONG RANGE (EU),"г. Москва, ул. Зацепа 21",+7(495) 128 06 00,TESLA,2022,602.0,77370,5752,233,80.0,367,https://motorwatt.com/ev-marketplace/electric-cars/ev/russia/tesla-model-3-long-range-eu
Tesla Model 3 Performa,"г. Москва, ул. Зацепа 21",+7(495) 128 06 00,TESLA,2022,547.0,88279,5752,261,82.0,510,https://motorwatt.com/ev-marketplace/electric-cars/ev/russia/tesla-model-3-performa
TESLA MODEL Y PERFOMANCE,"г. Москва, ул. Зацепа 21",+7(495) 128 06 00,TESLA,2022,514.0,99045,5752,250,85.0,571,https://motorwatt.com/ev-marketplace/electric-cars/ev/russia/tesla-model-y-perfomance
TESLA MODEL Y PERFORMANCE,"г. Москва, ул. Зацепа 21",+7(495) 128 06 00,TESLA,2022,514.0,99045,5752,250,82.0,571,https://motorwatt.com/ev-marketplace/electric-cars/ev/russia/tesla-model-y-performance
VOYAH FREE,"г. Москва, ул. Зацепа 21",+7(495) 128 06 00,Voyah,2021,860.0,90278,5752,187,33.0,696,https://motorwatt.com/ev-marketplace/electric-cars/ev/russia/voyah-free-619
BMW i7 xDrive60 Limousine,"г. Москва, ул. Зацепа 21",+7(495) 128 06 00,BMW,2022,625.0,237541,5752,240,105.0,544,https://motorwatt.com/ev-marketplace/electric-cars/ev/russia/bmw-i7-xdrive60-limousine-618
MERCEDES-BENZ EQS 53 AMG 4MATIC,"г. Москва, ул. Зацепа 21",+7(495) 128 06 00,MERCEDES,2022,526.0,239763,5752,220,107.8,658,https://motorwatt.com/ev-marketplace/electric-cars/ev/russia/mercedes-benz-eqs-53-amg-4matic
TESLA MODEL S PLAID,"г. Москва, ул. Зацепа 21",+7(495) 128 06 00,TESLA,2022,528.0,186637,5752,322,100.0,1034,https://motorwatt.com/ev-marketplace/electric-cars/ev/russia/tesla-model-s-plaid
XPENG G3 520i PREMIUM EDITION,"г. Москва, ул. Зацепа 21",+7(495) 128 06 00,XPENG,2020,860.0,45932,520,170,66.5,197,https://motorwatt.com/ev-marketplace/electric-cars/ev/russia/xpeng-g3-520i-premium-edition
POLESTAR 2 LAUNCH EDITION,"г. Москва, ул. Зацепа 21",+7(495) 128 06 00,POLESTAR,2020,500.0,74874,506,204,78.0,408,https://motorwatt.com/ev-marketplace/electric-cars/ev/russia/polestar-2-launch-edition-614
ZEEKR 001 YOU EDITION,"г. Москва, ул. Зацепа 21",+7(495) 128 06 00,ZEEKR,2022,650.0,107991,5752,200,100.0,544,https://motorwatt.com/ev-marketplace/electric-cars/ev/russia/zeekr-001-you-edition
ZEEKR 001 WE EDITION DUAL MOTOR,"г. Москва, ул. Зацепа 21",+7(495) 128 06 00,ZEEKR,2022,526.0,91224,4900,200,86.0,544,https://motorwatt.com/ev-marketplace/electric-cars/ev/russia/zeekr-001-we-edition-dual-motor
BYD Dolphin,"Chengdu city, Sichuan",+86 182 8047 4651,BYD Auto,2022,400.0,18500,30,160,45.0,177,https://motorwatt.com/ev-marketplace/electric-cars/ev/china/byd-dolphin
BYD SEAL,"Chengdu city, Sichuan",+86 182 8047 4651,BYD Auto,2022,650.0,31900,10,180,82.5,530,https://motorwatt.com/ev-marketplace/electric-cars/ev/china/byd-seal
BYD E2,"Chengdu city, Sichuan",+86 182 8047 4651,BYD Auto,2022,401.0,18200,20,130,43.2,95,https://motorwatt.com/ev-marketplace/electric-cars/ev/china/byd-e2
wuling mini ev,"Chengdu city, Sichuan",+86 182 8047 4651,wuling,2022,300.0,5500,10,100,26.5,41,https://motorwatt.com/ev-marketplace/electric-cars/ev/china/wuling-mini-ev
GAC AION S Plus,"Chengdu city, Sichuan",+86 182 8047 4651,GAC Motor,2022,510.0,22550,60,160,50.6,224,https://motorwatt.com/ev-marketplace/electric-cars/ev/china/gac-aion-s-plus
VW ID 6CROZZ PRO,"Chengdu city, Sichuan",+86 182 8047 4651,VOLKSWAGEN,2022,516.0,39650,30,160,84.8,180,https://motorwatt.com/ev-marketplace/electric-cars/ev/china/vw-id-6crozz-pro
VW ID 6CROZZ lit PRO,"Chengdu city, Sichuan",+86 182 8047 4651,VOLKSWAGEN,2022,600.0,35600,40,160,84.8,204,https://motorwatt.com/ev-marketplace/electric-cars/ev/china/vw-id-6crozz-lit-pro
VW ID 6CROZZ PURE+,"Chengdu, Sichuan",+86 182 8047 4651,VOLKSWAGEN,2022,540.0,35350,50,160,84.8,204,https://motorwatt.com/ev-marketplace/electric-cars/ev/china/vw-id-6crozz-pure
VW ID 4CROZZ PRO,Unknown,+86 182 8047 4651,VOLKSWAGEN,2022,550.0,32880,100,160,84.8,204,https://motorwatt.com/ev-marketplace/electric-cars/ev/china/id-4crozz-pro
VW ID4 X,Unknown,+86 182 8047 4651,VOLKSWAGEN,2022,520.0,26300,20,160,83.4,313,https://motorwatt.com/ev-marketplace/electric-cars/ev/china/vw-id4-x
VW ID6 X,Unknown,+86 182 8047 4651,VOLKSWAGEN,2022,510.0,35076,20,160,83.4,313,https://motorwatt.com/ev-marketplace/electric-cars/ev/china/vw-id6-x
DONGFENG ENS 1,Yerevan,+89996265453,DONGFENG,2022,222.0,25500,54200,150,68.0,201,https://motorwatt.com/ev-marketplace/electric-cars/ev/armenia/dongfeng-ens-1
VOLKSWAGEN ID6,"Zhantao Technology Building C, Niulanqian, Minzhi Road, Shenzhen, Guangdong, China",NONE,VOLKSWAGEN,2022,600.0,45000,5752,160,84.8,302,https://motorwatt.com/ev-marketplace/electric-cars/ev/china/id6
Maple Leaf 80V,"0162, Tbilisi, Georgia Chavchavadze ave 83a, 12",NONE,GEELY,2022,415.0,23500,5752,130,77.4,134,https://motorwatt.com/ev-marketplace/electric-cars/ev/georgia/maple-leaf-80v
Maple Leaf 60S,"0162, Tbilisi, Georgia Chavchavadze ave 83a, 12",NONE,GEELY,2022,407.0,23500,5752,130,51.8,136,https://motorwatt.com/ev-marketplace/electric-cars/ev/georgia/maple-leaf-60s
Weltmeister EX5,"0162, Tbilisi, Georgia Chavchavadze ave 83a, 12",NONE,WELTMEISTER,2022,403.0,28000,648,160,52.5,218,https://motorwatt.com/ev-marketplace/electric-cars/ev/georgia/weltmeister-ex5
NETA U PRO,"0162, Tbilisi, Georgia Chavchavadze ave 83a, 12",NONE,Hozon Auto,2022,500.0,32800,804,155,68.0,231,https://motorwatt.com/ev-marketplace/electric-cars/ev/georgia/neta-u-pro
Volkswagen ID4 X PURE,"0162, Tbilisi, Georgia Chavchavadze ave 83a, 12",NONE,VOLKSWAGEN,2022,285.0,33500,976,160,52.0,180,https://motorwatt.com/ev-marketplace/electric-cars/ev/georgia/volkswagen-id4-x-pure-582
Bestune NAT,"0162, Tbilisi, Georgia Chavchavadze ave 83a, 12",NONE,Bestune,2022,419.0,22300,673,130,55.0,136,https://motorwatt.com/ev-marketplace/electric-cars/ev/georgia/bestune-nat
BYD YUAN PRO,"0162, Tbilisi, Georgia Chavchavadze ave 83a, 12",NONE,BYD Auto,2022,510.0,23200,646,175,60.5,204,https://motorwatt.com/ev-marketplace/electric-cars/ev/georgia/byd-yuan-pro-580
BYD Tang EV 2022,"0162, Tbilisi, Georgia Chavchavadze ave 83a, 12",NONE,BYD Auto,2022,635.0,59000,860,180,108.0,517,https://motorwatt.com/ev-marketplace/electric-cars/ev/georgia/byd-tang-ev-2022
BYD Han 4WD,"0162, Tbilisi, Georgia Chavchavadze ave 83a, 12",NONE,BYD Auto,2022,550.0,52000,981,180,76.9,494,https://motorwatt.com/ev-marketplace/electric-cars/ev/georgia/byd-han-4wd-578
BMW IX3,"0162, Tbilisi, Georgia Chavchavadze ave 83a, 12",NONE,BMW,2022,520.0,62000,535,180,74.0,282,https://motorwatt.com/ev-marketplace/electric-cars/ev/georgia/bmw-ix3-577
VOLKSWAGEN ID 4 CROZZ,"Zhantao Technology Building C, Niulanqian, Minzhi Road, Shenzhen, Guangdong, China",NONE,VOLKSWAGEN,2022,460.0,70168,5752,160,75.0,170,https://motorwatt.com/ev-marketplace/electric-cars/ev/china/volkswagen-id-4-crozz
Dongfeng Fengshen E70 2023 Pro Z,"Zhantao Technology Building C, Niulanqian, Minzhi Road, Shenzhen, Guangdong, China",NONE,DONGFENG,2022,410.0,70168,5752,150,61.3,344,https://motorwatt.com/ev-marketplace/electric-cars/ev/china/dongfeng-fengshen-e70-2023-pro-z
ZEEKR 001,"Zhantao Technology Building C, Niulanqian, Minzhi Road, Shenzhen, Guangdong, China",NONE,ZEEKR,2022,650.0,51402,5752,210,108.0,536,https://motorwatt.com/ev-marketplace/electric-cars/ev/china/zeekr-001-568
Tesla-China Model 3,"Zhantao Technology Building C, Niulanqian, Minzhi Road, Shenzhen, Guangdong, China",NONE,TESLA,2021,560.0,70168,6243,233,75.0,341,https://motorwatt.com/ev-marketplace/electric-cars/ev/china/tesla-china-model-3
XPENG G3,"Zhantao Technology Building C, Niulanqian, Minzhi Road, Shenzhen, Guangdong, China",NONE,XPENG,2019,400.0,70168,67835,170,66.0,197,https://motorwatt.com/ev-marketplace/electric-cars/ev/china/xpeng-g3
Skyworth EV6,"Zhantao Technology Building C, Niulanqian, Minzhi Road, Shenzhen, Guangdong, China",NONE,Skyworth,2021,410.0,70168,5752,150,55.0,275,https://motorwatt.com/ev-marketplace/electric-cars/ev/china/skyworth-ev6
Hongqi E-QM5,"Zhantao Technology Building C, Niulanqian, Minzhi Road, Shenzhen, Guangdong, China",NONE,HongQi,2022,431.0,70168,5752,160,54.0,136,https://motorwatt.com/ev-marketplace/electric-cars/ev/china/hongqi-e-qm5-564
Geometry C,"Zhantao Technology Building C, Niulanqian, Minzhi Road, Shenzhen, Guangdong, China",NONE,Geometry,2020,550.0,70168,16207,150,70.0,344,https://motorwatt.com/ev-marketplace/electric-cars/ev/china/geometry-c
XPENG P7,"Zhantao Technology Building C, Niulanqian, Minzhi Road, Shenzhen, Guangdong, China",NONE,XPENG,2020,670.0,70168,670,170,83.1,263,https://motorwatt.com/ev-marketplace/electric-cars/ev/china/xpeng-p7-562
Hongqi E-HS9,"Zhantao Technology Building C, Niulanqian, Minzhi Road, Shenzhen, Guangdong, China",NONE,HongQi,2021,510.0,70168,12000,200,80.0,436,https://motorwatt.com/ev-marketplace/electric-cars/ev/china/hongqi-e-hs9-561
BYD Han,#motorwatt #entertainmentV #electricvehicles #evdatabase # BYD #Han,NONE,BYD Auto,2020,550.0,70168,494,180,76.9,494,https://motorwatt.com/ev-marketplace/electric-cars/ev/china/byd-han-560
Ora Hao Mao,"Zhantao Technology Building C, Niulanqian, Minzhi Road, Shenzhen, Guangdong, China",NONE,Ora,2021,400.0,70168,10,150,46.0,143,https://motorwatt.com/ev-marketplace/electric-cars/ev/china/ora-hao-mao
Buick Light Blue 6,"Zhantao Technology Building C, Niulanqian, Minzhi Road, Shenzhen, Guangdong, China",NONE,BUICK,2020,410.0,70168,30000,150,52.5,344,https://motorwatt.com/ev-marketplace/electric-cars/ev/china/buick-light-blue-6
Tesla Model Y,"J3CV+2Q Scottsdale, Arizona, USA",NONE,TESLA,2022,660.0,98000,590,260,78.4,468,https://motorwatt.com/ev-marketplace/electric-cars/ev/usa/tesla-model-y-527
Tesla Model Y,"J3CV+2Q Scottsdale, Arizona, USA",NONE,TESLA,2021,660.0,64500,28264,260,78.4,468,https://motorwatt.com/ev-marketplace/electric-cars/ev/usa/tesla-model-y-526
Lucid Air Dream Edition,"J3CV+2Q Scottsdale, Arizona, USA",NONE,Lucid Motors,2022,695.0,218000,5752,270,118.0,932,https://motorwatt.com/ev-marketplace/electric-cars/ev/usa/lucid-air-dream-edition
VOLKSWAGEN ID6 CROZZ,"Longhua District, Shenzhen",NONE,VOLKSWAGEN,2022,600.0,70168,5752,160,84.8,302,https://motorwatt.com/ev-marketplace/electric-cars/ev/china/volkswagen-id6-crozz-524
VOLKSWAGEN ID3,"Longhua District, Shenzhen",NONE,VOLKSWAGEN,2022,553.0,70168,5752,160,77.0,201,https://motorwatt.com/ev-marketplace/electric-cars/ev/china/volkswagen-id3-523
BYD Tang EV,"Longhua District, Shenzhen",NONE,BYD Auto,2022,565.0,70168,5752,180,82.8,202,https://motorwatt.com/ev-marketplace/electric-cars/ev/china/byd-tang-ev-522
BYD Han EV,"Longhua District, Shenzhen",NONE,BYD Auto,2022,605.0,70168,5752,190,77.0,218,https://motorwatt.com/ev-marketplace/electric-cars/ev/china/byd-han-ev
BYD QIN EV 405,"Longhua District, Shenzhen",NONE,BYD Auto,2022,400.0,70168,5752,150,47.5,136,https://motorwatt.com/ev-marketplace/electric-cars/ev/china/byd-qin-ev-405
BMW I3 eDRIVE 35L,"Longhua District, Shenzhen",NONE,BMW,2022,280.0,70168,5752,160,50.0,181,https://motorwatt.com/ev-marketplace/electric-cars/ev/china/bmw-i3-edrive-35l
TOYOTA IZOA EV,"Longhua District, Shenzhen",NONE,TOYOTA,2022,400.0,70168,5752,180,54.3,201,https://motorwatt.com/ev-marketplace/electric-cars/ev/china/toyota-izoa-ev
CHEVROLET Menlo Nebula,"Longhua District, Shenzhen",NONE,CHEVROLET,2022,411.0,70168,5752,150,52.5,148,https://motorwatt.com/ev-marketplace/electric-cars/ev/china/chevrolet-menlo-nebula
BUICK Weilan 7,"Longhua District, Shenzhen",NONE,BUICK,2022,500.0,70168,5752,145,55.6,170,https://motorwatt.com/ev-marketplace/electric-cars/ev/china/buick-weilan-7
AUDI Q4 E-TRON,"Longhua District, Shenzhen",NONE,AUDI,2022,405.0,70168,5752,160,82.0,201,https://motorwatt.com/ev-marketplace/electric-cars/ev/china/audi-q4-e-tron-515
AUDI Q2 E-TRON,"China; Longhua District, Shenzhen",NONE,AUDI,2022,265.0,70168,5752,150,38.0,134,https://motorwatt.com/ev-marketplace/electric-cars/ev/china/audi-q2-e-tron
NISSAN ARIYA 2WD/4WD,"Longhua District, Shenzhen",NONE,NISSAN,2022,445.0,70168,5752,160,87.0,344,https://motorwatt.com/ev-marketplace/electric-cars/ev/china/nissan-ariya-2wd-4wd
HONDA ENP1 Lanji,"Longhua District, Shenzhen",NONE,HONDA,2022,420.0,70168,5752,150,53.6,182,https://motorwatt.com/ev-marketplace/electric-cars/ev/china/honda-enp1-lanji
BMW i3,"Guandong, China",NONE,BMW,2017,280.0,70168,5752,160,50.0,181,https://motorwatt.com/ev-marketplace/electric-cars/ev/china/bmw-i3
MERCEDES EQS AMG,"Guandong, China",NONE,MERCEDES,2022,577.0,70168,5752,220,120.0,658,https://motorwatt.com/ev-marketplace/electric-cars/ev/china/mercedes-eqs-amg
MERCEDES EQB,"Guandong, China",NONE,MERCEDES,2022,478.0,70168,5752,160,66.5,288,https://motorwatt.com/ev-marketplace/electric-cars/ev/china/mercedes-eqb
MERCEDES EQE,"Guandong, China",NONE,MERCEDES,2022,471.0,70168,5752,180,90.0,402,https://motorwatt.com/ev-marketplace/electric-cars/ev/china/mercedes-eqe
MERCEDES EQS,"Guandong, China",NONE,MERCEDES,2022,450.0,70168,5752,180,80.0,408,https://motorwatt.com/ev-marketplace/electric-cars/ev/china/mercedes-eqs
BMW IX3,"Guandong, China",NONE,BMW,2022,520.0,70168,5752,180,80.0,282,https://motorwatt.com/ev-marketplace/electric-cars/ev/china/bmw-ix3-440
AUDI Q4 E TRON,"Guandong, China",NONE,AUDI,2024,499.0,70168,5752,187,77.4,344,https://motorwatt.com/ev-marketplace/electric-cars/ev/china/audi-q4-e-tron-439
Hongqi E HS9,"Guandong, China",NONE,DONGFENG,2022,510.0,70168,5752,187,99.0,551,https://motorwatt.com/ev-marketplace/electric-cars/ev/china/hongqi-e-hs9-438
FAW Hongqi E QM5,"Guandong, China",NONE,DONGFENG,2021,431.0,70168,5752,160,55.0,136,https://motorwatt.com/ev-marketplace/electric-cars/ev/china/faw-hongqi-e-qm5
DONGFENG MNV,"Guandong, China",NONE,DONGFENG,2022,480.0,70168,5752,140,61.3,140,https://motorwatt.com/ev-marketplace/electric-cars/ev/china/dongfeng-mnv
GAC EA6,"Guandong, China",NONE,GAC Motor,2022,460.0,70168,5752,187,58.8,184,https://motorwatt.com/ev-marketplace/electric-cars/ev/china/gac-ea6
HONDA ENP1,"Guandong, China",NONE,HONDA,2022,420.0,70168,5752,150,53.6,182,https://motorwatt.com/ev-marketplace/electric-cars/ev/china/honda-enp1
Honda VE1,"Guandong, China",NONE,HONDA,2022,340.0,70168,5752,140,58.8,163,https://motorwatt.com/ev-marketplace/electric-cars/ev/china/honda-ve1
Buick VELITE 7,"Guandong, China",NONE,Buick,2022,500.0,70168,5752,187,55.6,170,https://motorwatt.com/ev-marketplace/electric-cars/ev/china/buick-velite-7
Chevrolet MENLO,"Guandong, China",NONE,CHEVROLET,2022,518.0,70168,5752,150,52.2,150,https://motorwatt.com/ev-marketplace/electric-cars/ev/china/chevrolet-menlo
GAC AION LX,"Guandong, China",NONE,GAC Motor,2022,600.0,70168,5752,170,73.0,341,https://motorwatt.com/ev-marketplace/electric-cars/ev/china/gac-aion-lx
GAC AION S,"Guandong, China",NONE,GAC Motor,2022,460.0,70168,5752,130,58.8,134,https://motorwatt.com/ev-marketplace/electric-cars/ev/china/gac-aion-s
GAC AION V PLUS,"Guandong, China",NONE,GAC Motor,2022,500.0,70168,5752,187,70.0,221,https://motorwatt.com/ev-marketplace/electric-cars/ev/china/gac-aion-v-plus
GAC AION Y 90,"Guandong, China",NONE,GAC Motor,2022,410.0,70168,5752,160,55.5,134,https://motorwatt.com/ev-marketplace/electric-cars/ev/china/gac-aion-y-90
VOYAH FREE,"Guandong, China",NONE,Voyah,2022,475.0,70168,5752,200,88.0,694,https://motorwatt.com/ev-marketplace/electric-cars/ev/china/voyah-free-426
VOYAH DREAMER,"Guandong, China",NONE,Voyah,2022,600.0,70168,5752,200,108.0,217,https://motorwatt.com/ev-marketplace/electric-cars/ev/china/voyah-dreamer
Arcfox Alpha T,"Guandong, China",NONE,Arcfox,2022,480.0,70168,5752,180,67.3,215,https://motorwatt.com/ev-marketplace/electric-cars/ev/china/arcfox-alpha-t
ARCFOX Alpha S,"Guandong, China",NONE,ARCFOX,2022,525.0,70168,5752,200,67.3,214,https://motorwatt.com/ev-marketplace/electric-cars/ev/china/arcfox-alpha-s
DongFeng Honda ENS1,"Guandong, China",NONE,DONGFENG,2022,510.0,70168,5752,150,68.8,204,https://motorwatt.com/ev-marketplace/electric-cars/ev/china/dongfeng-honda-ens1
Audi E TRON 50 QUATTRO,"Guandong, China",NONE,AUDI,2022,488.0,70168,5752,187,82.0,295,https://motorwatt.com/ev-marketplace/electric-cars/ev/china/audi-e-tron-50-quattro
Volvo XC40,"Guandong, China",NONE,VOLVO,2022,418.0,70168,5752,180,78.0,402,https://motorwatt.com/ev-marketplace/electric-cars/ev/china/volvo-xc40
Volvo C40,"Guandong, China",NONE,VOLVO,2022,350.0,70168,5752,180,75.0,228,https://motorwatt.com/ev-marketplace/electric-cars/ev/china/volvo-c40
Mercedes Benz EQC 350,"Guandong, China",NONE,Mercedes,2024,499.0,70168,5752,187,77.4,344,https://motorwatt.com/ev-marketplace/electric-cars/ev/china/mercedes-benz-eqc-350
Mercedes Benz EQC,"Guandong, China",NONE,MERCEDES,2022,370.0,70168,5752,180,85.0,408,https://motorwatt.com/ev-marketplace/electric-cars/ev/china/mercedes-benz-eqc
ID 4 CROZZ,"Guandong, China",NONE,VOLKSWAGEN,2022,285.0,70168,5752,160,52.0,180,https://motorwatt.com/ev-marketplace/electric-cars/ev/china/id-4-crozz
VOLKSWAGEN ID6 CROZZ,"Guandong, China",NONE,VOLKSWAGEN,2022,600.0,70168,5752,160,84.8,517,https://motorwatt.com/ev-marketplace/electric-cars/ev/china/volkswagen-id6-crozz-415
Mercedes Benz EQA 260,"Guandong, China",NONE,MERCEDES,2022,375.0,70168,5752,160,70.5,190,https://motorwatt.com/ev-marketplace/electric-cars/ev/china/mercedes-benz-eqa-260
Xpeng G3i 520N+,SHENZHEN; China,NONE,XPENG,2022,520.0,26994,5752,170,66.2,197,https://motorwatt.com/ev-marketplace/electric-cars/ev/china/xpeng-g3i-520n
Xpeng P7,SHENZHEN; China,NONE,XPENG,2022,670.0,39431,5752,170,83.1,263,https://motorwatt.com/ev-marketplace/electric-cars/ev/china/xpeng-p7-412
Xpeng P7 480N+,SHENZHEN; China,NONE,XPENG,2022,480.0,35050,5752,170,60.2,424,https://motorwatt.com/ev-marketplace/electric-cars/ev/china/xpeng-p7-480n
Voyah Dreammaker (pure electric),SHENZHEN; China,NONE,Voyah,2022,605.0,64730,5752,200,108.7,210,https://motorwatt.com/ev-marketplace/electric-cars/ev/china/voyah-dreammaker-pure-electric
Leapmotor C11 (Performance),SHENZHEN; China,NONE,Leap Motor,2021,550.0,29679,5752,170,90.0,544,https://motorwatt.com/ev-marketplace/electric-cars/ev/china/leapmotor-c11-performance
ZEEKR 001 YOU,SHENZHEN; China,NONE,ZEEKR,2022,650.0,53847,5752,210,108.8,536,https://motorwatt.com/ev-marketplace/electric-cars/ev/china/zeekr-001-you-408
Volkswagen ID6 CROZZ PURE +,SHENZHEN; China,NONE,VOLKSWAGEN,2022,600.0,36746,5752,160,84.8,517,https://motorwatt.com/ev-marketplace/electric-cars/ev/china/volkswagen-id6-crozz-pure
2022 BYD Seal (Full drive),SHENZHEN; China,NONE,BYD Auto,2022,650.0,39997,5752,180,82.5,520,https://motorwatt.com/ev-marketplace/electric-cars/ev/china/2022-byd-seal-full-drive
Qin Plus EV,SHENZHEN; China,NONE,BYD Auto,2021,400.0,25109,5752,150,47.5,136,https://motorwatt.com/ev-marketplace/electric-cars/ev/china/qin-plus-ev
BYD TANG (Full drive),SHENZHEN; China,NONE,BYD Auto,2022,635.0,47240,5752,180,108.0,517,https://motorwatt.com/ev-marketplace/electric-cars/ev/china/byd-tang-full-drive
AITO M7 (top version),SHENZHEN; China,NONE,AITO,2022,165.0,52631,5752,187,40.0,449,https://motorwatt.com/ev-marketplace/electric-cars/ev/china/aito-m7-top-version
AITO M5 (top version),SHENZHEN; China,NONE,AITO,2022,552.0,46105,5752,210,79.9,496,https://motorwatt.com/ev-marketplace/electric-cars/ev/china/aito-m5-top-version
ID.4 CROZZ Pure+,Hunan; China .,NONE,VOLKSWAGEN,2022,550.0,43563,5752,160,84.8,201,https://motorwatt.com/ev-marketplace/electric-cars/ev/china/id-4-crozz-pure
Volkswagen ID.6X Prime,Hunan; China.,NONE,VOLKSWAGEN,2022,510.0,41900,5752,160,77.0,313,https://motorwatt.com/ev-marketplace/electric-cars/ev/china/volkswagen-id-6x-prime
Volkswagen ID.4 X PRIME,Hunan; China,NONE,VOLKSWAGEN,2022,405.0,35700,5752,180,82.0,261,https://motorwatt.com/ev-marketplace/electric-cars/ev/china/volkswagen-id-4-x-prime
Volkswagen ID.4 Lite Pro,Hunan; China,NONE,VOLKSWAGEN,2022,550.0,70168,5752,160,84.8,201,https://motorwatt.com/ev-marketplace/electric-cars/ev/china/volkswagen-id-4-lite-pro
Volkswagen ID4 X PURE +,Hunan; China,NONE,VOLKSWAGEN,2022,285.0,28500,5752,160,52.0,180,https://motorwatt.com/ev-marketplace/electric-cars/ev/china/volkswagen-id4-x-pure-397
Volkswagen ID.4 Pure+ X,Hunan; China,NONE,VOLKSWAGEN,2022,280.0,70168,5752,160,83.4,168,https://motorwatt.com/ev-marketplace/electric-cars/ev/china/volkswagen-id-4-pure-x
Roewe Rising Auto ER6,Hunan; China,NONE,Roewe,2022,620.0,24200,5752,185,69.9,184,https://motorwatt.com/ev-marketplace/electric-cars/ev/china/roewe-rising-auto-er6
Tesla Model Y 2021,Germany Dr.-Wandinger-Strasse 5 94447 Plattling; Germany,NONE,TESLA,2021,507.0,70765,5752,217,75.0,346,https://motorwatt.com/ev-marketplace/electric-cars/ev/germany/tesla-model-y-2021
Tesla Model X Maximum range,Germany Dr.-Wandinger-Strasse 5 94447 Plattling; Germany,NONE,TESLA,2020,507.0,99570,5752,250,100.0,671,https://motorwatt.com/ev-marketplace/electric-cars/ev/germany/tesla-model-x-maximum-range
Tesla Model X 100D,Germany Dr.-Wandinger-Strasse 5 94447 Plattling; Germany,NONE,TESLA,2018,565.0,83224,5752,250,100.0,671,https://motorwatt.com/ev-marketplace/electric-cars/ev/germany/tesla-model-x-100d-392
Tesla Model X 100D Maximum range,Germany Dr.-Wandinger-Strasse 5 94447 Plattling; Germany,NONE,TESLA,2022,499.0,78739,5752,250,100.0,671,https://motorwatt.com/ev-marketplace/electric-cars/ev/germany/tesla-model-x-100d-maximum-range-391
Tesla Model X 100D Maximum range,Germany Dr.-Wandinger-Strasse 5 94447 Plattling; Germany,NONE,TESLA,2018,565.0,73555,5752,250,100.0,671,https://motorwatt.com/ev-marketplace/electric-cars/ev/germany/tesla-model-x-100d-maximum-range-390
Tesla Model X 100D,Germany Dr.-Wandinger-Strasse 5 94447 Plattling; Germany,NONE,TESLA,2016,542.0,72988,5752,250,100.0,671,https://motorwatt.com/ev-marketplace/electric-cars/ev/germany/tesla-model-x-100d-389
Tesla Model 3 AWD,Germany Dr.-Wandinger-Strasse 5 94447 Plattling; Germany,NONE,TESLA,2020,560.0,55317,5752,233,75.0,435,https://motorwatt.com/ev-marketplace/electric-cars/ev/germany/tesla-model-3-awd
Tesla Model 3 Maximum Range AWD,Germany Dr.-Wandinger-Strasse 5 94447 Plattling; Germany,NONE,TESLA,2019,560.0,49834,5752,233,75.0,341,https://motorwatt.com/ev-marketplace/electric-cars/ev/germany/tesla-model-3-maximum-range-awd
Tesla Model 3 2019 AWD,Germany Dr.-Wandinger-Strasse 5 94447 Plattling; Germany,NONE,TESLA,2019,560.0,49834,5752,233,75.0,341,https://motorwatt.com/ev-marketplace/electric-cars/ev/germany/tesla-model-3-2019-awd
Tesla Model 3,Germany Dr.-Wandinger-Strasse 5 94447 Plattling; Germany,NONE,TESLA,2019,560.0,46844,5752,233,75.0,341,https://motorwatt.com/ev-marketplace/electric-cars/ev/germany/tesla-model-3
Tesla Model S 100D,Germany Dr.-Wandinger-Strasse 5 94447 Plattling; Germany,NONE,TESLA,2019,613.0,74751,5752,250,100.0,604,https://motorwatt.com/ev-marketplace/electric-cars/ev/germany/tesla-model-s-100d-384
Tesla Model S 100D,Germany Dr.-Wandinger-Strasse 5 94447 Plattling; Germany,NONE,TESLA,2019,632.0,73257,5752,250,100.0,604,https://motorwatt.com/ev-marketplace/electric-cars/ev/germany/tesla-model-s-100d-383
2018 Model S 100D Maximum range,Germany Dr.-Wandinger-Strasse 5 94447 Plattling; Germany,NONE,TESLA,2018,632.0,69869,5752,250,100.0,603,https://motorwatt.com/ev-marketplace/electric-cars/ev/germany/2018-model-s-100d-maximum-range-382
2018 Model S 100D Maximum range,Germany Dr.-Wandinger-Strasse 5 94447 Plattling; Germany,NONE,TESLA,2018,632.0,66878,5752,250,100.0,604,https://motorwatt.com/ev-marketplace/electric-cars/ev/germany/2018-model-s-100d-maximum-range-381
2018 Model S 100D Maximum range,Germany Dr.-Wandinger-Strasse 5 94447 Plattling; Germany,NONE,TESLA,2018,632.0,63091,5752,250,100.0,604,https://motorwatt.com/ev-marketplace/electric-cars/ev/germany/2018-model-s-100d-maximum-range-380
2018 Model S 100D Maximum range,Germany Dr.-Wandinger-Strasse 5 94447 Plattling; Germany,NONE,TESLA,2018,632.0,62791,5752,250,100.0,603,https://motorwatt.com/ev-marketplace/electric-cars/ev/germany/2018-model-s-100d-maximum-range-379
Tesla Model S D100,Germany Dr.-Wandinger-Strasse 5 94447 Plattling; Germany,NONE,TESLA,2017,632.0,56313,5752,225,100.0,603,https://motorwatt.com/ev-marketplace/electric-cars/ev/germany/tesla-model-s-d100
Tesla Model S 75D,Germany Dr.-Wandinger-Strasse 5 94447 Plattling; Germany,NONE,TESLA,2018,490.0,49969,5752,225,75.0,422,https://motorwatt.com/ev-marketplace/electric-cars/ev/germany/tesla-model-s-75d
Tesla Model S 75D 2016,Germany Dr.-Wandinger-Strasse 5 94447 Plattling; Germany,NONE,TESLA,2016,490.0,43981,5752,250,75.0,328,https://motorwatt.com/ev-marketplace/electric-cars/ev/germany/tesla-model-s-75d-2016
Tesla Model S 2017 90D,Germany Dr.-Wandinger-Strasse 5 94447 Plattling; Germany,NONE,TESLA,2017,557.0,53977,5752,250,93.0,690,https://motorwatt.com/ev-marketplace/electric-cars/ev/germany/tesla-model-s-2017-90d
BMW i4 M50,Germany Dr.-Wandinger-Strasse 5 94447 Plattling; Germany,NONE,BMW,2022,510.0,88554,5752,225,83.9,537,https://motorwatt.com/ev-marketplace/electric-cars/ev/germany/bmw-i4-m50-374
BMW i4 eDrive40,Dr.-Wandinger-Strasse 5 94447 Plattling; Germany,NONE,BMW,2022,590.0,69156,5752,190,83.9,335,https://motorwatt.com/ev-marketplace/electric-cars/ev/germany/bmw-i4-edrive40
BMW iX M60,Dr.-Wandinger-Strasse 5 94447 Plattling; Germany,NONE,BMW,2022,565.0,141230,5752,250,112.0,611,https://motorwatt.com/ev-marketplace/electric-cars/ev/germany/bmw-ix-m60
BMW iX xDrive50,Dr.-Wandinger-Strasse 5 94447 Plattling; Germany,NONE,BMW,2022,630.0,116150,5752,200,112.0,517,https://motorwatt.com/ev-marketplace/electric-cars/ev/germany/bmw-ix-xdrive50
BMW iX xDrive40,Dr.-Wandinger-Strasse 5 94447 Plattling; Germany,NONE,BMW,2022,425.0,84738,5752,200,76.6,322,https://motorwatt.com/ev-marketplace/electric-cars/ev/germany/bmw-ix-xdrive40
Porsche Taycan Turbo Sport,Dr.-Wandinger-Strasse 5 94447 Plattling; Germany,NONE,PORSCHE,2022,419.0,188207,5752,250,93.4,751,https://motorwatt.com/ev-marketplace/electric-cars/ev/germany/porsche-taycan-turbo-sport-369
Porsche Taycan Turbo Cross,Dr.-Wandinger-Strasse 5 94447 Plattling; Germany,NONE,PORSCHE,2022,452.0,169276,5752,250,93.7,671,https://motorwatt.com/ev-marketplace/electric-cars/ev/germany/porsche-taycan-turbo-cross
BMW iX3,Dr.-Wandinger-Strasse 5 94447 Plattling; Germany,NONE,BMW,2022,520.0,67410,5752,180,80.0,282,https://motorwatt.com/ev-marketplace/electric-cars/ev/germany/bmw-ix3-367
Mercedes-Benz EQS 580 4Matic,Dr.-Wandinger-Strasse 5 94447 Plattling; Germany,NONE,MERCEDES,2022,560.0,196671,5752,210,108.0,516,https://motorwatt.com/ev-marketplace/electric-cars/ev/germany/mercedes-benz-eqs-580-4matic
Porsche Taycan,Dr.-Wandinger-Strasse 5 94447 Plattling; Germany,NONE,PORSCHE,2021,431.0,104480,5752,230,79.2,379,https://motorwatt.com/ev-marketplace/electric-cars/ev/germany/porsche-taycan-365
Porsche Taycan,Dr.-Wandinger-Strasse 5 94447 Plattling; Germany,NONE,PORSCHE,2022,431.0,117708,5752,230,79.2,402,https://motorwatt.com/ev-marketplace/electric-cars/ev/germany/porsche-taycan-364
Porsche Taycan Turbo,Dr.-Wandinger-Strasse 5 94447 Plattling; Germany,NONE,PORSCHE,2020,450.0,133107,5752,260,93.4,671,https://motorwatt.com/ev-marketplace/electric-cars/ev/germany/porsche-taycan-turbo
Porsche Taycan Turbo Sport,Dr.-Wandinger-Strasse 5 94447 Plattling; Germany,NONE,PORSCHE,2022,491.0,164652,5752,260,3.2,671,https://motorwatt.com/ev-marketplace/electric-cars/ev/germany/porsche-taycan-turbo-sport-362
Porsche Taycan Turbo S Sport,Dr.-Wandinger-Strasse 5 94447 Plattling; Germany,NONE,PORSCHE,2022,412.0,221747,5752,260,93.4,751,https://motorwatt.com/ev-marketplace/electric-cars/ev/germany/porsche-taycan-turbo-s-sport-tur
Porsche Taycan Sport Turismo,Dr.-Wandinger-Strasse 5 94447 Plattling; Germany,NONE,PORSCHE,2022,433.0,118225,5752,230,79.2,322,https://motorwatt.com/ev-marketplace/electric-cars/ev/germany/porsche-taycan-sport-turismo
Porsche Taycan GTS | Hockenheim,Dr.-Wandinger-Strasse 5 94447 Plattling; Germany,NONE,PORSCHE,2022,504.0,188479,5752,250,93.4,590,https://motorwatt.com/ev-marketplace/electric-cars/ev/germany/porsche-taycan-gts-hockenheim
Porsche Taycan | GTS Sport,Dr.-Wandinger-Strasse 5 94447 Plattling; Germany,NONE,PORSCHE,2022,490.0,167886,5752,250,93.4,590,https://motorwatt.com/ev-marketplace/electric-cars/ev/germany/porsche-taycan-gts-sport
Porsche Taycan 4S | SportDesign,Dr.-Wandinger-Strasse 5 94447 Plattling; Germany,NONE,PORSCHE,2021,407.0,121307,5752,250,79.2,523,https://motorwatt.com/ev-marketplace/electric-cars/ev/germany/porsche-taycan-4s-sportdesign
Porsche Taycan 4S | Performance,Dr.-Wandinger-Strasse 5 94447 Plattling; Germany,NONE,PORSCHE,2021,462.0,112928,5752,250,93.4,563,https://motorwatt.com/ev-marketplace/electric-cars/ev/germany/porsche-taycan-4s-performance
Porsche Taycan 4S,Dr.-Wandinger-Strasse 5 94447 Plattling,NONE,PORSCHE,2021,407.0,123130,5752,250,79.2,523,https://motorwatt.com/ev-marketplace/electric-cars/ev/germany/porsche-taycan-4s
Porsche Taycan 4 Cross Turismo,Unknown,NONE,PORSCHE,2022,456.0,124356,5752,220,93.4,470,https://motorwatt.com/ev-marketplace/electric-cars/ev/germany/porsche-taycan-4-cross-turismo-354
Porsche Taycan 4 Cross Turismo,Dr.-Wandinger-Strasse 5 94447 Plattling; Germany,NONE,PORSCHE,2022,452.0,131615,5752,220,93.4,476,https://motorwatt.com/ev-marketplace/electric-cars/ev/germany/porsche-taycan-4-cross-turismo-353
BYD YUAN Flagship,Hunan; China,NONE,BYD Auto,2022,510.0,25500,5752,175,60.5,204,https://motorwatt.com/ev-marketplace/electric-cars/ev/china/byd-yuan-flagship
Tesla Model Y (standart),"Jibek-Joli street, 76, Almaty 050000, Kazakhstan",NONE,TESLA,2021,507.0,65000,5752,217,75.0,346,https://motorwatt.com/ev-marketplace/electric-cars/ev/kazakhstan/tesla-model-y-standart
VOLKSWAGEN E-BORA,"Jibek-Joli street, 76, Almaty 050000, Kazakhstan",NONE,VOLKSWAGEN,2022,370.0,24000,5752,150,39.8,136,https://motorwatt.com/ev-marketplace/electric-cars/ev/kazakhstan/volkswagen-e-bora
Mercedes-Benz EQC 400,"Jibek-Joli street, 76, Almaty 050000, Kazakhstan",NONE,MERCEDES,2022,417.0,101000,5752,180,80.0,402,https://motorwatt.com/ev-marketplace/electric-cars/ev/kazakhstan/mercedes-benz-eqc-400-349
LEXUS UX300e,"Jibek-Joli street, 76, Almaty 050000, Kazakhstan",NONE,LEXUS,2020,400.0,45000,5752,160,54.3,201,https://motorwatt.com/ev-marketplace/electric-cars/ev/kazakhstan/lexus-ux300e-348
ENOVATE ME 7 (top version),"Jibek-Joli street, 76, Almaty 050000, Kazakhstan",NONE,ENOVATE,2021,550.0,38000,5752,160,87.0,215,https://motorwatt.com/ev-marketplace/electric-cars/ev/kazakhstan/enovate-me-7-top-version
HONGQI E-HS9 (top version),"Jibek-Joli street, 76, Almaty 050000, Kazakhstan",NONE,HongQi,2022,660.0,140000,5752,200,120.0,543,https://motorwatt.com/ev-marketplace/electric-cars/ev/kazakhstan/hongqi-e-hs9-top-version
TOYOTA C-HR EV,"Jibek-Joli street, 76, Almaty 050000, Kazakhstan",NONE,TOYOTA,2021,400.0,35000,5752,160,54.3,150,https://motorwatt.com/ev-marketplace/electric-cars/ev/kazakhstan/toyota-c-hr-ev
WELTMEISTER EX5-Z FUN 400 (top),"Jibek-Joli street, 76, Almaty 050000, Kazakhstan",NONE,WELTMEISTER,2022,403.0,35000,5752,150,52.6,218,https://motorwatt.com/ev-marketplace/electric-cars/ev/kazakhstan/weltmeister-ex5-z-fun-400-top
BYD TANG EV (top version),"Jibek-Joli street, 76, Almaty 050000, Kazakhstan",NONE,BYD Auto,2021,565.0,62000,5752,180,180.0,565,https://motorwatt.com/ev-marketplace/electric-cars/ev/kazakhstan/byd-tang-ev-top-version
HONDA M-NV (top version),"Jibek-Joli street, 76, Almaty 050000, Kazakhstan",NONE,DONGFENG,2021,480.0,34000,5752,140,61.0,163,https://motorwatt.com/ev-marketplace/electric-cars/ev/kazakhstan/honda-m-nv-top-version
AUDI Q2L E-tron,"Jibek-Joli street, 76, Almaty 050000, Kazakhstan",NONE,AUDI,2021,265.0,36000,5752,150,39.7,134,https://motorwatt.com/ev-marketplace/electric-cars/ev/kazakhstan/audi-q2l-e-tron
Zeekr 001 YOU,Hunan; China,NONE,ZEEKR,2022,650.0,62500,5752,200,100.0,208,https://motorwatt.com/ev-marketplace/electric-cars/ev/china/zeekr-001-you-339
Voyah Free (top version),Hunan; China,NONE,DONGFENG,2022,475.0,55000,5752,200,88.0,693,https://motorwatt.com/ev-marketplace/electric-cars/ev/china/voyah-free-top-version
VOLVO Polestar (single motor),Hunan; China,NONE,VOLVO,2022,510.0,39000,5752,160,78.0,228,https://motorwatt.com/ev-marketplace/electric-cars/ev/china/volvo-polestar-single-motor
NIO ET7 (CUSTOM),Hunan; China,NONE,NIO,2022,700.0,81000,5752,200,100.0,653,https://motorwatt.com/ev-marketplace/electric-cars/ev/china/nio-et7-custom
Nio ES8 (Seven-seat version),Hunan; China,NONE,NIO,2022,425.0,81600,5752,200,84.0,653,https://motorwatt.com/ev-marketplace/electric-cars/ev/china/nio-es8-seven-seat-version
Nio ES6,Hunan; China,NONE,NIO,2022,510.0,71150,5752,200,84.0,544,https://motorwatt.com/ev-marketplace/electric-cars/ev/china/nio-es6
Neta U pro 500,Hunan; China,NONE,Hozon Auto,2022,500.0,27800,5752,155,68.0,163,https://motorwatt.com/ev-marketplace/electric-cars/ev/china/neta-u-pro-500
Mecedez EQS,"Hunan, China",NONE,MERCEDES,2022,450.0,114000,5752,180,80.0,408,https://motorwatt.com/ev-marketplace/electric-cars/ev/china/mecedez-eqs
Mecedez EQC 400,Hunan; China,NONE,MERCEDES,2022,460.0,67000,5752,180,80.0,402,https://motorwatt.com/ev-marketplace/electric-cars/ev/china/mecedez-eqc-400
Li Xang Auto L9 Extended Range,Hunan; China,NONE,Li,2022,1315.0,70300,5752,180,330.0,440,https://motorwatt.com/ev-marketplace/electric-cars/ev/china/li-xang-auto-l9-extended-range
VOLKSWAGEN ID4 X Lite Pro,Hunan; China,NONE,VOLKSWAGEN,2022,550.0,70168,5752,160,84.8,168,https://motorwatt.com/ev-marketplace/electric-cars/ev/china/volkswagen-id4-x-lite-pro
VOLKSWAGEN ID4 X Pure +,Hunan; China,NONE,VOLKSWAGEN,2022,520.0,28500,5752,160,62.0,102,https://motorwatt.com/ev-marketplace/electric-cars/ev/china/volkswagen-id4-x-pure-328
VOLKSWAGEN ID4 X Pure,Hunan; China,NONE,VOLKSWAGEN,2022,400.0,70168,5752,160,62.0,200,https://motorwatt.com/ev-marketplace/electric-cars/ev/china/volkswagen-id4-x-pure-327
Huawei Seres SF5,Hunan; China,NONE,Huawei,2022,180.0,29400,5752,180,35.0,221,https://motorwatt.com/ev-marketplace/electric-cars/ev/china/huawei-seres-sf5
HongQi EHS9,Hunan; China,NONE,HongQi,2022,660.0,92800,5752,200,120.0,543,https://motorwatt.com/ev-marketplace/electric-cars/ev/china/hongqi-ehs9
Honda e:NS 1,Hunan; China,NONE,HONDA,2022,510.0,70168,5752,150,68.8,204,https://motorwatt.com/ev-marketplace/electric-cars/ev/china/honda-e-ns-1
Honda MNV,"Hunan, China",NONE,HONDA,2022,480.0,21000,5752,140,61.0,163,https://motorwatt.com/ev-marketplace/electric-cars/ev/china/honda-mnv
FAW Bestune NAT,Hunan; China,NONE,FAW,2022,419.0,17300,5752,130,55.0,136,https://motorwatt.com/ev-marketplace/electric-cars/ev/china/faw-bestune-nat
BYD Song Plus,Hunan; China,NONE,BYD Auto,2022,505.0,30100,5752,185,72.0,184,https://motorwatt.com/ev-marketplace/electric-cars/ev/china/byd-song-plus
BYD Yuan Pro,Hunan; China,NONE,BYD Auto,2022,401.0,18300,5752,140,50.1,136,https://motorwatt.com/ev-marketplace/electric-cars/ev/china/byd-yuan-pro-319
BYD Yuan Plus,Hunan; China,NONE,BYD Auto,2022,510.0,25000,5752,175,60.5,204,https://motorwatt.com/ev-marketplace/electric-cars/ev/china/byd-yuan-plus
BYD Yuan Plus (Flagship Version),Hunan; China,NONE,BYD Auto,2022,510.0,26000,5752,175,60.5,204,https://motorwatt.com/ev-marketplace/electric-cars/ev/china/byd-yuan-plus-flagship-version
BYD Tang (top version) 4WD,Hunan; China,NONE,BYD Auto,2022,635.0,52000,5752,180,77.4,517,https://motorwatt.com/ev-marketplace/electric-cars/ev/china/byd-tang-top-version-4wd
BYD Han 4WD (Qianshan Cui),Hunan; China,NONE,BYD Auto,2022,550.0,50000,5752,180,76.9,494,https://motorwatt.com/ev-marketplace/electric-cars/ev/china/byd-han-4wd-qianshan-cui
BYD Han 4WD,hunan China,NONE,BYD Auto,2022,550.0,46000,5752,180,76.9,494,https://motorwatt.com/ev-marketplace/electric-cars/ev/china/byd-han-4wd-314
BMW IX3,Hunan; China,NONE,BMW,2022,458.0,56000,5752,180,80.0,286,https://motorwatt.com/ev-marketplace/electric-cars/ev/china/bmw-ix3-313
VOLKSWAGEN ID.4 CROZZ PRO,"Jibek-Joli street, 76, Almaty 050000, Kazakhstan",NONE,VOLKSWAGEN,2021,550.0,43000,5752,160,84.8,204,https://motorwatt.com/ev-marketplace/electric-cars/ev/kazakhstan/volkswagen-id-4-crozz-pro
Tesla Model 3 Startech + Vossen,"Jibek-Joli street, 76, Almaty 050000, Kazakhstan",NONE,TESLA,2021,438.0,70168,5752,225,50.0,201,https://motorwatt.com/ev-marketplace/electric-cars/ev/kazakhstan/tesla-model-3-startech-vossen
Tesla Model 3 standart,"Jibek-Joli street, 76, Almaty 050000, Kazakhstan",NONE,TESLA,2021,438.0,58000,5752,225,50.0,201,https://motorwatt.com/ev-marketplace/electric-cars/ev/kazakhstan/tesla-model-3-standart
Tesla Model 3 Performance,"Jibek-Joli street, 76, Almaty 050000, Kazakhstan",NONE,TESLA,2021,500.0,75000,5752,250,75.0,258,https://motorwatt.com/ev-marketplace/electric-cars/ev/kazakhstan/tesla-model-3-performance
VOLKSWAGEN ID.4 X PURE +,"Almaty 050000, Kazakhstan",NONE,VOLKSWAGEN,2021,400.0,40000,5752,160,62.0,200,https://motorwatt.com/ev-marketplace/electric-cars/ev/kazakhstan/volkswagen-id-4-x-pure-308
VOLKSWAGEN ID.4 X PURE+,"Almaty 050000, Kazakhstan",NONE,VOLKSWAGEN,2021,400.0,40000,5752,160,62.0,200,https://motorwatt.com/ev-marketplace/electric-cars/ev/kazakhstan/volkswagen-id-4-x-pure-307
VOLKSWAGEN ID.4 X PURE +,"улица Жибек Жолы 76, Almaty 050000, Kazakhstan",NONE,VOLKSWAGEN,2021,400.0,40000,5752,160,62.0,200,https://motorwatt.com/ev-marketplace/electric-cars/ev/kazakhstan/volkswagen-id-4-x-pure-306
Mercedes-Benz EQC350,"Jibek-Joli street, 76, Almaty 050000, Kazakhstan",NONE,MERCEDES,2021,361.0,90000,5752,180,210.0,286,https://motorwatt.com/ev-marketplace/electric-cars/ev/kazakhstan/mercedes-benz-eqc350
Tesla Model Y Peformance,Shanghai,NONE,TESLA,2022,610.0,63500,5752,260,78.4,486,https://motorwatt.com/ev-marketplace/electric-cars/ev/china/tesla-model-y-peformance
FAW ID4 crozz,Unknown,NONE,VOLKSWAGEN,2022,460.0,26888,5752,187,132.0,170,https://motorwatt.com/ev-marketplace/electric-cars/ev/russia/faw-id4-crozz
FAW ID.6 crozz,Unknown,NONE,VOLKSWAGEN,2022,460.0,33341,5752,187,132.0,180,https://motorwatt.com/ev-marketplace/electric-cars/ev/china/faw-id-6-crozz
BYD TANG EV 2wd,Shanghai,NONE,BYD Auto,2022,730.0,70168,5752,180,108.0,228,https://motorwatt.com/ev-marketplace/electric-cars/ev/china/byd-tang-ev-2wd
FAW Besturn B30EV,Shanghai,NONE,FAW,2022,205.0,12300,5752,140,32.0,108,https://motorwatt.com/ev-marketplace/electric-cars/ev/china/faw-besturn-b30ev
LIFAN LF650,Shanghai,NONE,LIFAN,2018,300.0,7300,5752,140,77.4,43,https://motorwatt.com/ev-marketplace/electric-cars/ev/china/lifan-lf650
Huawei Seres3,"г. Москва, ул.Кировоградская 11 Б",NONE,iEV Motors,2022,405.0,55000,5752,155,53.0,163,https://motorwatt.com/ev-marketplace/electric-cars/ev/russia/huawei-seres3
POLESTAR 2,"Gaoxin road 31,XiAn high-tech zone,XiAn,China",NONE,POLESTAR,2022,568.0,33750,5752,160,78.0,231,https://motorwatt.com/ev-marketplace/electric-cars/ev/china/polestar-2
JAC IEV-7S - crossover,"Москва, Россия",NONE,JAC MOTORS,2021,350.0,52000,5752,130,43.0,116,https://motorwatt.com/ev-marketplace/electric-cars/ev/russia/jac-iev-7s
Ford Territory EV,"Витебская область г.Орша, ул. П.Лепешинского, д.67/7",NONE,FORD,2021,450.0,70168,5752,150,60.4,120,https://motorwatt.com/ev-marketplace/electric-cars/ev/belarus/ford-territory-ev
Hyundai Kona,"г. Орша, ул. П. Лепешинского, 67",NONE,HYUNDAI,2019,460.0,70168,5752,187,64.0,150,https://motorwatt.com/ev-marketplace/electric-cars/ev/belarus/hyundai-kona
Honqgi E-HS 9,"г. Орша, ул. П. Лепешинского, 67",NONE,HongQi,2021,510.0,70168,5752,200,80.0,436,https://motorwatt.com/ev-marketplace/electric-cars/ev/belarus/honqgi-e-hs-9
Volkswagen e-Lavida,"г.Орша,ул. П.Лепешинского, 67",NONE,VOLKSWAGEN,2020,350.0,22700,5752,180,41.0,100,https://motorwatt.com/ev-marketplace/electric-cars/ev/belarus/volkswagen-e-lavida
Xpeng G3 520i,"Витебская область, г.Орша, ул. Лепешинского, 67",NONE,XPENG,2019,400.0,23000,5752,170,66.0,197,https://motorwatt.com/ev-marketplace/electric-cars/ev/belarus/xpeng-g3-520i
Chery Tiggo,"г. Орша, ул.Лепешинского, 67",NONE,CHERY,2019,400.0,20800,5752,151,53.6,95,https://motorwatt.com/ev-marketplace/electric-cars/ev/belarus/chery-tiggo
Volkswagen Lavida,"г.Орша, ул.Лепешинского, 67",NONE,Volkswagen,2024,499.0,22700,5752,187,77.4,344,https://motorwatt.com/ev-marketplace/electric-cars/ev/belarus/volkswagen-lavida
Renault City K-ZE,"г.Орша, ул. Лепешинского, 67",NONE,RENAULT,2019,200.0,15505,5752,105,33.0,33,https://motorwatt.com/ev-marketplace/electric-cars/ev/belarus/renault-city-k-ze
Ora R1 EV Long Range Base,"г. Москва, ул.Кировоградская 11 Б",NONE,GWM ORA UK,2022,310.0,42000,5752,120,33.0,48,https://motorwatt.com/ev-marketplace/electric-cars/ev/russia/ora-r1-ev-long-range-base
BAIC EX5 - crossover,"г. Москва, ул. Зацепа 21",NONE,BAIC BJEV,2022,520.0,45000,5752,155,61.8,218,https://motorwatt.com/ev-marketplace/electric-cars/ev/russia/baic-ex5-krossover
HongQi E-HS9 6,"г. Москва, ул. Зацепа 21",NONE,HongQi,2022,510.0,170000,5752,200,77.4,436,https://motorwatt.com/ev-marketplace/electric-cars/ev/russia/elektromobil-hongqi-e-hs9-6
HongQi E-HS9 4,"г. Москва, ул. Зацепа 21",NONE,HongQi,2022,510.0,187000,5752,200,77.4,436,https://motorwatt.com/ev-marketplace/electric-cars/ev/russia/elektromobil-hongqi-e-hs9-4
Tesla Model X 2016,"г. Москва, ул. Зацепа 21",NONE,TESLA,2016,489.0,92000,5752,220,90.0,762,https://motorwatt.com/ev-marketplace/electric-cars/ev/russia/elektromobil-tesla-model-x-2016
Tesla Model 3 Performance 2019,"г. Москва, ул. Зацепа 21",NONE,TESLA,2022,567.0,80000,5752,261,77.4,462,https://motorwatt.com/ev-marketplace/electric-cars/ev/russia/tesla-model-3-performance-2019
Tesla Model 3 Performance 2021,"г. Москва, ул. Зацепа 21",NONE,TESLA,2021,567.0,115000,5752,261,82.0,462,https://motorwatt.com/ev-marketplace/electric-cars/ev/russia/tesla-model-3-performance-2021
Tesla Model S 75D facelift,"г. Москва, ул. Зацепа 21",NONE,TESLA,2016,480.0,66750,5752,225,75.0,541,https://motorwatt.com/ev-marketplace/electric-cars/ev/russia/tesla-model-s-75d-restajling
Tesla Model S 100D Long Range,"г. Москва, ул. Зацепа 21",NONE,TESLA,2019,610.0,119000,5752,225,100.0,562,https://motorwatt.com/ev-marketplace/electric-cars/ev/russia/tesla-model-s-100d-long-range
Taycan Turbo S Cross Turismo,"г. Москва, ул. Зацепа 21",NONE,PORSCHE,2022,452.0,317000,5752,250,93.4,670,https://motorwatt.com/ev-marketplace/electric-cars/ev/russia/taycan-turbo-s-cross-turismo
WELTMEISTER EX5-Z FUN,"г. Москва, ул.Кировоградская 11 Б",NONE,VOLVO,2022,400.0,63000,5752,150,54.0,218,https://motorwatt.com/ev-marketplace/electric-cars/ev/russia/weltmeister-ex5-z-fun
Volkswagen ID.4X CROZZ Pure+,"г. Москва, ул.Кировоградская 11 Б",NONE,VOLKSWAGEN,2022,550.0,72000,5752,160,84.0,204,https://motorwatt.com/ev-marketplace/electric-cars/ev/russia/volkswagen-id-4x-crozz-pure
Honda Siming M-NV,"г. Москва, ул.Кировоградская 11 Б",NONE,HONDA,2021,445.0,57900,5752,140,61.0,163,https://motorwatt.com/ev-marketplace/electric-cars/ev/russia/honda-siming-m-nv
Xpeng G3 520i Top Version,"г. Москва, ул.Кировоградская 11 Б",NONE,XPENG,2021,490.0,70130,5752,170,67.0,197,https://motorwatt.com/ev-marketplace/electric-cars/ev/russia/xpeng-g3-520i-top-version
BAIС EX5,"г. Москва, ул.Кировоградская 11 Б",NONE,BAIC BJEV,2019,415.0,49200,5752,150,62.0,208,https://motorwatt.com/ev-marketplace/electric-cars/ev/russia/baic-ex5
Polestar 2 Launch Edition,"г. Москва, ул.Кировоградская 11 Б",NONE,POLESTAR,2020,450.0,112500,5752,205,71.0,408,https://motorwatt.com/ev-marketplace/electric-cars/ev/russia/polestar-2-launch-edition-259
GAC AION Y 70,"г. Москва, ул.Кировоградская 11 Б",NONE,GAC,2021,500.0,57000,5752,150,64.0,184,https://motorwatt.com/ev-marketplace/electric-cars/ev/russia/gac-aion-y-70
Ora Good Cat LR,"г. Москва, ул.Кировоградская 11 Б",NONE,GWM ORA UK,2021,455.0,50000,5752,150,59.0,150,https://motorwatt.com/ev-marketplace/electric-cars/ev/russia/ora-good-cat-lr
BAIC EU5 Plus,"г. Москва, ул.Кировоградская 11 Б",NONE,BAIC,2021,458.0,48300,5752,155,60.0,150,https://motorwatt.com/ev-marketplace/electric-cars/ev/russia/baic-eu5-plus
BAIC EX3,"г. Москва, ул.Кировоградская 11 Б",NONE,BAIC,2020,470.0,47500,5752,150,63.0,200,https://motorwatt.com/ev-marketplace/electric-cars/ev/russia/baic-ex3
BAIC Beijing EU7,"г. Москва, ул.Кировоградская 11 Б",NONE,BAIC,2020,451.0,48300,5752,155,60.0,200,https://motorwatt.com/ev-marketplace/electric-cars/ev/russia/baic-beijing-eu7
DONGFENG S50 EV,"г. Москва, ул.Кировоградская 11 Б",NONE,DONGFENG,2022,455.0,45850,5752,150,57.0,122,https://motorwatt.com/ev-marketplace/electric-cars/ev/russia/dongfeng-s50-ev
BAIC EX5 – crossover 2021,"Кировоградская улица 11.б, г. Москва, Россия",NONE,BAIC,2021,468.0,45000,5752,187,77.4,218,https://motorwatt.com/ev-marketplace/electric-cars/ev/russia/baic-ex5-2021
BAIC EU-5 R550 2021,"г. Москва, ул. Зацепа 21",NONE,BAIC,2021,570.0,44000,5752,187,77.4,100,https://motorwatt.com/ev-marketplace/electric-cars/ev/russia/baic-eu-5-r550-2021
Audi Q4 e-tron 2021,"г. Москва, ул. Зацепа 21",NONE,Audi,2021,500.0,70168,5752,187,77.4,302,https://motorwatt.com/ev-marketplace/electric-cars/ev/russia/audi-q4-e-tron-2021
Tesla Model S Plaid 2021,"г. Москва, ул. Зацепа 21",NONE,TESLA,2021,628.0,180000,5752,187,77.4,100,https://motorwatt.com/ev-marketplace/electric-cars/ev/russia/tesla-model-s-plaid-2021
Volkswagen Golf VII e-Golf new,Unknown,NONE,VOLKSWAGEN,2018,192.0,66500,5752,187,77.4,115,https://motorwatt.com/ev-marketplace/electric-cars/ev/russia/volkswagen-golf-vii-e-golf-novyj
Audi E-tron S Sportback,"г. Москва, ул. Зацепа 21",NONE,Audi,2021,364.0,105000,5752,187,77.4,100,https://motorwatt.com/ev-marketplace/electric-cars/ev/russia/audi-e-tron-s-sportback
Nissan Leaf II SV 2018 (red),Unknown,NONE,NISSAN,2018,270.0,30800,5752,144,77.4,170,https://motorwatt.com/ev-marketplace/electric-cars/ev/nissan-leaf-ii-sv-2018-red
Nissan Leaf II SV 2018,Unknown,NONE,NISSAN,2018,270.0,32000,5752,144,77.4,170,https://motorwatt.com/ev-marketplace/electric-cars/ev/nissan-leaf-ii-sv-2018
BMW i3 2018,"г. Москва, ул. Зацепа 21",NONE,BMW,2018,250.0,44000,5752,150,77.4,184,https://motorwatt.com/ev-marketplace/electric-cars/ev/elektromobil-bmw-i3-v-nalichii
BMW iX3 2020,"Москва, улица Зацепа, 21",NONE,BMW,2020,460.0,71000,5752,200,77.4,282,https://motorwatt.com/ev-marketplace/electric-cars/ev/bmw-ix3-2020
Tesla Model X Plaid,"г. Москва, ул. Зацепа 21",NONE,TESLA,2021,547.0,180000,5752,187,77.4,100,https://motorwatt.com/ev-marketplace/electric-cars/ev/tesla-model-x-plaid
"BMW i3, 2018 (blue)",Unknown,NONE,BMW,2018,250.0,40000,5752,150,77.4,100,https://motorwatt.com/ev-marketplace/electric-cars/ev/bmw-i3-2018
TESLA MODEL Y LONG RANGE,"м. Краснопресненская, Большой Предтеченский пер., д. 6",NONE,TESLA,2021,483.0,100000,5752,209,77.4,271,https://motorwatt.com/ev-marketplace/electric-cars/ev/tesla-model-y-long-range-2021
Mercedes Benz EQC 400,Dallas,NONE,MERCEDES,2020,400.0,110000,5752,180,77.4,408,https://motorwatt.com/ev-marketplace/electric-cars/ev/mercedes-benz-eqc-400-231
